{"__symbolic":"module","version":1,"metadata":{"HomePage":{"__symbolic":"class","decorators":[{"__symbolic":"call","expression":{"__symbolic":"reference","module":"@angular/core","name":"Component"},"arguments":[{"selector":"page-home","templateUrl":"home.html"}]}],"members":{"__ctor__":[{"__symbolic":"constructor","parameters":[{"__symbolic":"reference","module":"ionic-angular","name":"NavController"},{"__symbolic":"reference","module":"../../services/myenv","name":"MyEnv"}]}],"getVersion":[{"__symbolic":"method"}]}}}}